fase,nome,data,alvo_tema_principal
1,,2014-03,"Lavagem de dinheiro, doleiros em seis estados"
2,,2014-03,"Ex-diretor da Petrobras Paulo Roberto Costa"
3,,2014-04,"Buscas na sede da Petrobras"
4,,2014-06,"Prisão de Paulo Roberto Costa"
5,,2014-07,"""Laranjas"" de Alberto Youssef"
6,,2014-08,"Genro de Paulo Roberto Costa"
7,Juízo Final,2014-11,"Presidentes de empreiteiras (Léo Pinheiro, Ricardo Pessoa)"
8,,2015-01,"Nestor Cerveró, ex-diretor internacional da Petrobras"
9,My Way,2015-02,"Empresas de fachada que lavavam dinheiro"
10,Que País é Esse?,2015-03,"Renato Duque e lavagem de dinheiro continuada"
11,A Origem,2015-04,"Ex-agentes políticos, ex-deputado André Vargas"
12,,2015-04,"João Vaccari Neto, tesoureiro do PT"
13,,2015-05,"Milton Pascowitch, propinas a empresa de José Dirceu"
14,Erga Omnes,2015-06,"Odebrecht e Andrade Gutierrez, cartel de empreiteiras"
15,Conexão Mônaco,2015-07,"Jorge Zelada, diretor internacional da Petrobras"
16,Radioatividade,2015-07,"Othon Luiz Pinheiro, Eletronuclear, Angra 3"
17,Pixuleco,2015-08,"José Dirceu, ex-ministro da Casa Civil"
18,Pixuleco 2,2015-08,"Alexandre Romano, operador de propinas do PT"
19,Nessun Dorma,2015-09,"Executivos da Engevix, propinas Eletronuclear"
20,Corrosão,2015-11,"Refinaria Abreu e Lima, desvios financeiros"
21,Passe Livre,2015-11,"José Carlos Bumlai, amigo de Lula"
22,,2016-01,"Tríplex do Guarujá, empresas offshore"
23,Acarajé,2016-02,"João Santana, marqueteiro petista"
24,Aletheia,2016-03,"Condução coercitiva de Luiz Inácio Lula da Silva"
25,Polimento,2016-03,"Raul Schmidt Felipe Júnior preso em Lisboa"
26,Xepa,2016-03,"Executivos da Odebrecht, contas offshore"
27,Carbono 14,2016-04,"Silvio Pereira, ex-secretário-geral do PT"
28,Vitória de Pirro,2016-04,"Gim Argello, ex-senador PTB"
29,Repescagem,2016-05,"João Claudio Genu, assessor do deputado José Janene"
30,Vício,2016-05,"Propinas em contratos de tubos da Petrobras"
31,Abismo,2016-07,"Paulo Ferreira, ex-tesoureiro do PT"
32,Caça-Fantasmas,2016-07,"Edson Paulo Fanton, banco panamenho FSB"
33,Resta Um,2016-08,"Queiroz Galvão, cartel de empreiteiras"
34,Arquivo X,2016-09,"Guido Mantega, ex-ministro"
35,Omertà,2016-09,"Antonio Palocci, ex-ministro"
36,Dragão,2016-11,"Operadores financeiros Adir Assad e Rodrigo Tacla Duran"
37,(Calicute),2016-11,"Sérgio Cabral, ex-governador do RJ (Operação Calicute, com a força-tarefa do RJ)"
38,Blackout,2017-02,"Lobistas Jorge Luz e Bruno Luz"
39,Paralelo,2017-03,"Roberto Gonçalves, operadores financeiros"
40,Asfixia,2017-05,"Ex-gerentes do departamento de Gás e Energia da Petrobras"
41,Poço Seco,2017-05,"Exploração de petróleo no Benin, ex-gerentes da Petrobras"
42,Cobra,2017-07,"Aldemir Bendine, ex-presidente da Petrobras"
43,Sem Fronteiras,2017-08,"Ligação de executivos da Petrobras com estrangeiros"
44,Abate,2017-08,"Deputado Cândido Vaccarezza, contrato Sargeant Marine"
45,Abate II,2017-08,"Tiago Cedraz, ex-deputado Sérgio Tourinho Dantas"
46,,2017-11,"Luiz Carlos Moreira Silva, Petroquisa"
47,Sothis,2017-11,"José Antônio de Jesus, ex-gerente da Transpetro"
48,Integração,2018-02,"Corrupção em concessão de rodovias federais no Pará"
49,Buona Fortuna,2018-03,"Antônio Delfim Netto, ex-ministro, Belo Monte"
50,Sothis II,2018-03,"Propinas na Transpetro, José Antônio de Jesus"
51,Déjà Vu,2018-05,"Propina de US$ 24,7 milhões da Odebrecht"
52,Greenwich,2018-06,"Djalma Rodrigues de Souza, Petropesquisa"
53,Piloto,2018-09,"Beto Richa, ex-governador do Paraná"
54,Sem Fronteiras (fase 2),2018-09,"Mário Ildeu de Miranda, operador em Portugal"
55,Integração II,2018-09,"Pepe Richa, irmão de Beto, rodovias ""Anel de Integração"""
56,Sem Fundos,2018-11,"Corrupção na sede da Petrobras em Salvador"
57,Sem Limites,2018-12,"Grupo criminoso em negócios de petróleo e afretamento de navios"
58,,2019-01,"Beto Richa novamente preso"
59,Quinto Ano,2019-01,"Transpetro, propinas de empresas"
60,Ad Infinitum,2019-02,"Paulo Preto, ex-diretor da Dersa, operador do PSDB"
61,Mamon,2019-05,"Banco Paulista, lavagem de dinheiro da Odebrecht"
62,Rock City,2019-07,"Walter Faria, Grupo Petrópolis, propinas"
63,Carbonara Chimica,2019-08,"Propinas da Odebrecht, ex-ministros, Medidas Provisórias"
64,Pentiti,2019-08,"Lavagem de dinheiro da Odebrecht, R$ 6 bilhões"
65,Galeria,2019-09,"Márcio Lobão, filho de Edison Lobão"
66,Alerta Mínimo,2019-09,"Funcionários do Banco do Brasil, lavagem de dinheiro"
67,Tango & Cash,2019-10,"Licitações fraudulentas na Petrobras, R$ 60 milhões"
68,,2019-11,"Empresas Vitol e Trafigura, Genebra, Suíça"
69,Mapa da Mina,2019-12,"Oi/Telemar, Fábio Luis Lula da Silva"
70,Óbolo,2019-12,"Afretamento de navios da Petrobras, R$ 6 bilhões"
71,Sem Limites II,2020-06,"Trading da Petrobras, organização criminosa"
72,Navegar é Preciso,2020-08,"Transpetro, estaleiro Eisa, fraude em licitação"
73,Ombro a Ombro,2020-08,"Vital do Rêgo Filho, ex-senador, CPMI"
74,Sovrapprezzo,2020-09,"Fraudes em câmbio comercial da Petrobras"
75,Boeman,2020-09,"Grupo Seadrill, contratos de navios da Petrobras"
76,Sem Limites III,2020-10,"Vantagens indevidas a funcionários da Petrobras"
77,Sem Limites IV,2020-10,"Diretoria de Abastecimento da Petrobras"
78,Sem Limites V,2020-11,"Diretoria de Abastecimento, Marketing e Comercialização"
79,Vernissage,2021-01,"Márcio e Edison Lobão Filho, fraudes em licitações"
